Pg1_MW,Start_V1,Start_V2,Best_V1,Best_V2,Best_Qg1_Mvar,Final_Loss,Epochs,Lambda
540.0,0.9620,1.0050,1.1676,0.7213,593.4852,0.312706,10573,1.0
540.2020202020202,0.9620,1.0050,1.1682,0.7210,594.4695,0.315239,10578,1.0
